Student_ID,Student_Name,Department,Year,Gender,Assessment_Date,Python,Problem_Solving,Communication,Teamwork,Leadership,Creativity,Time_Management,Presentation,Overall_Score,Skill_Level
STU1001,Ishaan Joshi,Robotics,3,Female,2026-03-27,85,80,87.0,75,74.0,72,83,89.0,80.62,Advanced
STU1002,Rahul Kadam,IT,2,Male,2026-04-21,67,66,49.0,71,65.0,94,85,75.0,71.5,Intermediate
STU1003,Kavya Thakur,Robotics,4,Female,2026-04-22,74,72,58.0,54,65.0,42,61,54.0,60.0,Intermediate
STU1004,Tanvi Gupta,Mechanical,2,Female,2026-01-26,61,68,56.0,64,63.0,64,59,73.0,63.5,Intermediate
STU1005,Sanya Gupta,ECE,1,Male,2026-09-16,66,64,75.0,70,64.0,60,50,55.0,63.0,Intermediate
STU1006,Meera Kadam,CSE,2,Male,2026-02-07,95,63,59.0,79,65.0,78,73,62.0,71.75,Intermediate
STU1007,Yash Deshmukh,IoT,3,Male,2026-06-14,85,69,56.0,74,70.0,75,74,72.0,71.88,Intermediate
STU1008,Ananya Singh,Civil,3,Female,2026-05-05,81,78,80.0,62,64.0,92,76,73.0,75.75,Advanced
STU1009,Yash Verma,AIDS,1,Female,2026-06-28,69,75,64.0,78,79.0,84,66,60.0,71.88,Intermediate
STU1010,Varun Deshmukh,Robotics,2,Male,2026-01-05,81,67,71.0,75,55.0,69,69,,67.5,Intermediate
STU1011,Aditi Singh,ECE,2,Female,2026-04-05,62,66,46.0,72,93.0,59,94,81.0,71.62,Intermediate
STU1012,Neha Chavan,ECE,3,Male,2026-08-06,56,75,,68,68.0,78,60,43.0,63.12,Intermediate
STU1013,Diya Sharma,Civil,4,Male,2026-04-20,68,79,85.0,83,75.0,65,67,65.0,73.38,Intermediate
STU1014,Tanvi Patil,Mechanical,2,Female,2026-03-16,88,71,56.0,65,71.0,58,69,38.0,64.5,Intermediate
STU1015,Neha Jadhav,AIDS,2,Female,2026-06-26,74,71,75.0,73,74.0,80,66,85.0,74.75,Intermediate
STU1016,Varun Thakur,Civil,3,Female,2026-08-03,61,76,59.0,70,65.0,70,61,67.0,66.12,Intermediate
STU1017,Neha Pawar,ECE,3,Male,2026-09-21,75,96,59.0,85,39.0,51,59,57.0,65.12,Intermediate
STU1018,Rohan Kadam,Civil,3,Female,2026-09-12,65,82,70.0,81,81.0,50,62,62.0,69.12,Intermediate
STU1019,Khushi Mishra,Civil,4,Male,2026-01-07,63,83,86.0,88,82.0,79,77,59.0,77.12,Advanced
STU1020,Riya Chavan,IT,3,Female,2026-04-29,73,62,76.0,69,59.0,79,60,52.0,66.25,Intermediate
STU1021,Rahul Chavan,Mechanical,4,Female,2026-04-25,77,93,77.0,81,81.0,85,81,66.0,80.12,Advanced
STU1022,Sanya Mishra,CSE,2,Female,2026-01-17,92,80,63.0,70,53.0,72,54,74.0,69.75,Intermediate
STU1023,Vedant Joshi,Civil,1,Male,2026-03-05,65,76,73.0,54,61.0,58,65,61.0,64.12,Intermediate
STU1024,Akash Deshmukh,IT,4,Male,2026-08-20,59,66,45.0,68,41.0,53,71,50.0,56.62,Intermediate
STU1025,Sanya Gupta,ECE,2,Male,2026-03-14,73,75,59.0,77,50.0,75,68,73.0,68.75,Intermediate
STU1026,Tanvi Pawar,CSE,4,Female,2026-01-12,88,69,60.0,92,79.0,66,72,88.0,76.75,Advanced
STU1027,Ishaan Sharma,AIDS,4,Male,2026-01-26,95,92,90.0,85,79.0,86,87,77.0,86.38,Advanced
STU1028,Ananya Pawar,IoT,4,Male,2026-03-23,68,100,69.0,77,65.0,84,74,65.0,75.25,Advanced
STU1029,Pooja Sharma,IoT,2,Male,2026-07-29,76,59,70.0,60,77.0,64,66,68.0,67.5,Intermediate
STU1030,Karan Jadhav,CSE,4,Female,2026-07-04,54,73,71.0,68,75.0,59,59,38.0,62.12,Intermediate
STU1031,Tanvi Sharma,Robotics,4,Male,2026-05-20,50,61,71.0,65,52.0,55,54,43.0,56.38,Intermediate
STU1032,Shreya Mishra,ECE,2,Female,2026-08-31,70,62,58.0,68,44.0,64,60,62.0,61.0,Intermediate
STU1033,Rahul Mishra,Civil,2,Male,2026-06-27,62,72,68.0,57,67.0,90,67,45.0,66.0,Intermediate
STU1034,Ishaan Mishra,IT,2,Female,2026-04-15,76,72,,69,94.0,82,63,71.0,73.75,Intermediate
STU1035,Kavya Verma,Robotics,3,Female,2026-06-25,89,74,77.0,66,60.0,87,67,66.0,73.25,Intermediate
STU1036,Pooja Patil,Civil,4,Female,2026-08-04,74,84,72.0,82,75.0,93,75,76.0,78.88,Advanced
STU1037,Ananya Sharma,ECE,4,Male,2026-01-31,68,71,60.0,76,61.0,73,68,68.0,68.12,Intermediate
STU1038,Kavya Joshi,IoT,2,Male,2026-08-21,70,82,88.0,79,61.0,68,70,65.0,72.88,Intermediate
STU1039,Aditi Chavan,CSE,4,Female,2026-08-07,80,90,73.0,70,69.0,85,82,80.0,78.62,Advanced
STU1040,Diya Kulkarni,Robotics,1,Male,2026-02-27,65,60,73.0,52,52.0,66,75,59.0,62.75,Intermediate
STU1041,Khushi Joshi,IoT,2,Male,2026-08-24,41,66,53.0,54,64.0,62,53,44.0,54.62,Intermediate
STU1042,Varun Thakur,Robotics,4,Female,2026-01-12,83,91,69.0,98,89.0,81,75,73.0,82.38,Advanced
STU1043,Sakshi Jadhav,IT,3,Male,2026-06-30,79,84,74.0,86,82.0,83,82,66.0,79.5,Advanced
STU1044,Neha Sharma,Robotics,4,Male,2026-08-02,92,86,67.0,81,79.0,72,65,73.0,76.88,Advanced
STU1045,Khushi Chavan,AIDS,1,Female,2026-06-28,77,77,52.0,62,53.0,67,67,57.0,64.0,Intermediate
STU1046,Ananya Chavan,Robotics,1,Female,2026-08-21,73,66,68.0,69,60.0,59,69,59.0,65.38,Intermediate
STU1047,Riya Singh,Civil,2,Female,2026-07-23,73,71,51.0,68,60.0,80,73,44.0,65.0,Intermediate
STU1048,Pooja Gupta,Robotics,4,Male,2026-01-03,95,91,78.0,100,86.0,100,93,85.0,91.0,Advanced
STU1049,Kavya Deshmukh,IoT,1,Male,2026-02-28,67,59,57.0,71,73.0,94,62,52.0,66.88,Intermediate
STU1050,Riya Thakur,ECE,4,Male,2026-01-24,70,80,66.0,80,74.0,85,78,83.0,77.0,Advanced
STU1051,Sakshi Deshmukh,Mechanical,1,Male,2026-09-19,78,98,72.0,93,71.0,69,65,82.0,78.5,Advanced
STU1052,Yash Jadhav,IoT,2,Female,2026-08-28,90,86,85.0,73,93.0,89,83,72.0,83.88,Advanced
STU1053,Nikhil Pawar,AIDS,3,Male,2026-01-28,76,67,75.0,78,85.0,55,77,63.0,72.0,Intermediate
STU1054,Rahul Thakur,IT,3,Female,2026-03-21,78,79,59.0,92,65.0,70,74,84.0,75.12,Advanced
STU1055,Aarav Pawar,IT,1,Male,2026-04-30,67,82,47.0,53,41.0,45,71,74.0,60.0,Intermediate
STU1056,Ishaan Pawar,Mechanical,4,Male,2026-01-12,78,87,68.0,78,58.0,82,75,63.0,73.62,Intermediate
STU1057,Yash Patil,IT,4,Female,2026-05-09,91,95,94.0,95,69.0,96,71,81.0,86.5,Advanced
STU1058,Neha Singh,IoT,4,Female,2026-08-20,91,82,,75,76.0,100,87,81.0,84.5,Advanced
STU1059,Yash Kadam,CSE,4,Female,2026-03-14,85,75,85.0,74,94.0,73,81,87.0,81.75,Advanced
STU1060,Sanya Patil,Civil,1,Female,2026-05-09,67,67,42.0,56,69.0,67,66,65.0,62.38,Intermediate
STU1061,Kavya Verma,Robotics,2,Male,2026-04-12,72,74,74.0,46,68.0,83,69,36.0,65.25,Intermediate
STU1062,Akash Patil,IT,3,Female,2026-08-16,92,82,85.0,100,90.0,88,86,73.0,87.0,Advanced
STU1063,Arjun Jadhav,IoT,3,Male,2026-05-21,89,90,100.0,85,95.0,87,87,70.0,87.88,Advanced
STU1064,Ishaan Jadhav,AIDS,3,Male,2026-06-07,76,66,90.0,76,68.0,79,62,70.0,73.38,Intermediate
STU1065,Karan Mishra,IT,2,Female,2026-09-20,65,69,66.0,61,50.0,58,66,59.0,61.75,Intermediate
STU1066,Ishaan Pawar,AIDS,1,Male,2026-01-10,76,73,73.0,80,70.0,74,65,64.0,71.88,Intermediate
STU1067,Kavya Mishra,Robotics,2,Female,2026-08-30,56,59,68.0,61,71.0,55,62,50.0,60.25,Intermediate
STU1068,Aditi Patil,Civil,3,Female,2026-05-18,92,91,81.0,86,81.0,84,92,100.0,88.38,Advanced
STU1069,Riya Gupta,CSE,2,Female,2026-08-20,96,68,86.0,87,61.0,77,84,65.0,78.0,Advanced
STU1070,Vedant Chavan,Civil,1,Male,2026-08-18,57,56,53.0,54,58.0,54,62,43.0,54.62,Intermediate
STU1071,Yash Deshmukh,Robotics,2,Female,2026-07-27,60,69,42.0,71,57.0,49,54,59.0,57.62,Intermediate
STU1072,Akash Mishra,IT,2,Male,2026-05-01,87,72,83.0,64,62.0,57,70,76.0,71.38,Intermediate
STU1073,Kavya Kulkarni,AIDS,1,Male,2026-09-06,66,62,64.0,69,65.0,52,53,53.0,60.5,Intermediate
STU1074,Akash Patil,CSE,1,Female,2026-02-18,63,77,70.0,65,82.0,86,66,40.0,68.62,Intermediate
STU1075,Akash Deshmukh,IT,2,Male,2026-09-10,92,99,82.0,80,72.0,76,88,85.0,84.25,Advanced
STU1076,Rahul Chavan,AIDS,1,Male,2026-01-25,61,74,70.0,70,70.0,79,66,55.0,68.12,Intermediate
STU1077,Akash Patil,IoT,4,Female,2026-03-01,82,69,72.0,59,80.0,83,71,83.0,74.88,Intermediate
STU1078,Arjun Jadhav,IoT,3,Female,2026-09-09,60,68,57.0,64,57.0,58,66,56.0,60.75,Intermediate
STU1079,Vedant Chavan,CSE,4,Male,2026-04-02,77,75,89.0,62,62.0,67,75,60.0,70.88,Intermediate
STU1080,Ishaan Kadam,AIDS,2,Female,2026-03-06,72,72,61.0,63,54.0,63,69,52.0,63.25,Intermediate
STU1081,Karan Jadhav,Civil,1,Male,2026-02-11,57,43,75.0,48,52.0,68,46,30.0,52.38,Intermediate
STU1082,Khushi Mishra,Civil,2,Female,2026-09-21,68,67,64.0,64,68.0,56,61,73.0,65.12,Intermediate
STU1083,Nikhil Verma,ECE,2,Male,2026-08-16,70,83,68.0,69,67.0,82,75,44.0,69.75,Intermediate
STU1084,Ishaan Patil,ECE,4,Female,2026-08-11,69,66,88.0,81,72.0,70,76,66.0,73.5,Intermediate
STU1085,Shreya Thakur,Robotics,4,Male,2026-09-15,82,67,63.0,80,69.0,72,85,58.0,72.0,Intermediate
STU1086,Ananya Chavan,AIDS,1,Female,2026-04-24,76,84,62.0,79,61.0,77,80,50.0,71.12,Intermediate
STU1087,Arjun Gupta,AIDS,4,Male,2026-05-06,85,80,77.0,87,72.0,82,63,,76.25,Advanced
STU1088,Ishaan Thakur,Robotics,2,Male,2026-09-15,64,79,71.0,73,61.0,83,88,74.0,74.12,Intermediate
STU1089,Rahul Kadam,Civil,1,Female,2026-08-17,55,50,35.0,63,60.0,46,55,62.0,53.25,Intermediate
STU1090,Ananya Thakur,IoT,4,Male,2026-01-10,91,83,82.0,83,65.0,72,79,84.0,79.88,Advanced
STU1091,Ishaan Kadam,Civil,4,Male,2026-03-16,70,77,57.0,66,61.0,57,68,60.0,64.5,Intermediate
STU1092,Sanya Kulkarni,Robotics,3,Female,2026-07-21,84,77,92.0,76,75.0,86,62,56.0,76.0,Advanced
STU1093,Aditi Jadhav,AIDS,2,Male,2026-01-24,58,79,64.0,84,65.0,66,63,63.0,67.75,Intermediate
STU1094,Nikhil Chavan,IT,2,Male,2026-01-19,70,75,81.0,62,73.0,64,75,64.0,70.5,Intermediate
STU1095,Tanvi Kulkarni,Robotics,1,Male,2026-02-16,65,67,54.0,78,75.0,61,63,66.0,66.12,Intermediate
STU1096,Neha Mishra,ECE,3,Male,2026-02-18,93,81,94.0,100,100.0,96,82,73.0,89.88,Advanced
STU1097,Shreya Chavan,Civil,2,Male,2026-07-07,59,63,52.0,37,52.0,67,63,59.0,56.5,Intermediate
STU1098,Meera Jadhav,CSE,3,Male,2026-07-01,72,72,57.0,63,68.0,66,59,56.0,64.12,Intermediate
STU1099,Vedant Mishra,IoT,2,Female,2026-06-03,67,70,53.0,54,51.0,69,65,70.0,62.38,Intermediate
STU1100,Ishaan Chavan,Mechanical,4,Male,2026-03-27,75,97,64.0,82,57.0,64,67,,74.25,Intermediate
STU1101,Aarav Patil,IoT,1,Female,2026-02-26,55,79,86.0,65,76.0,72,82,75.0,73.75,Intermediate
STU1102,Shreya Thakur,IT,2,Male,2026-08-31,65,77,54.0,75,57.0,67,63,62.0,65.0,Intermediate
STU1103,Karan Verma,IoT,1,Male,2026-01-26,71,89,74.0,78,60.0,68,65,71.0,72.0,Intermediate
STU1104,Ishaan Kulkarni,CSE,3,Male,2026-06-27,81,78,79.0,90,66.0,80,88,83.0,80.62,Advanced
STU1105,Kavya Kadam,ECE,3,Female,2026-09-25,63,66,72.0,72,62.0,68,56,45.0,63.0,Intermediate
STU1106,Karan Chavan,IT,3,Male,2026-01-16,74,76,64.0,81,95.0,65,74,87.0,77.0,Advanced
STU1107,Arjun Patil,CSE,3,Female,2026-07-08,73,70,76.0,80,93.0,74,69,68.0,75.38,Advanced
STU1108,Sanya Jadhav,Mechanical,1,Female,2026-08-14,64,75,49.0,73,72.0,60,40,52.0,60.62,Intermediate
STU1109,Neha Singh,AIDS,3,Male,2026-06-25,64,78,71.0,68,60.0,64,58,81.0,68.0,Intermediate
STU1110,Rahul Kadam,Robotics,2,Female,2026-06-05,68,81,66.0,71,68.0,60,76,54.0,68.0,Intermediate
STU1111,Varun Singh,IoT,3,Male,2026-05-22,77,70,77.0,84,78.0,52,70,78.0,73.25,Intermediate
STU1112,Karan Joshi,Mechanical,4,Female,2026-02-15,72,73,51.0,73,64.0,71,54,63.0,65.12,Intermediate
STU1113,Rohan Chavan,AIDS,2,Male,2026-06-22,63,78,59.0,63,60.0,60,62,67.0,64.0,Intermediate
STU1114,Rohan Jadhav,IoT,2,Female,2026-05-22,96,87,96.0,82,56.0,74,59,78.0,78.5,Advanced
STU1115,Shreya Mishra,ECE,1,Female,2026-09-24,64,69,71.0,64,53.0,84,70,63.0,67.25,Intermediate
STU1116,Ishaan Sharma,Robotics,2,Male,2026-02-04,76,68,48.0,54,73.0,57,52,55.0,60.38,Intermediate
STU1117,Akash Patil,CSE,2,Male,2026-06-06,72,71,75.0,67,55.0,65,63,65.0,66.62,Intermediate
STU1118,Arjun Patil,ECE,4,Female,2026-09-14,73,84,76.0,63,81.0,82,92,84.0,79.38,Advanced
STU1119,Yash Patil,Robotics,3,Male,2026-05-21,73,73,49.0,73,47.0,78,60,61.0,64.25,Intermediate
STU1120,Rohan Sharma,Civil,2,Female,2026-02-10,72,60,64.0,85,61.0,60,52,56.0,63.75,Intermediate
STU1121,Aditi Mishra,CSE,4,Female,2026-04-19,61,83,88.0,79,69.0,66,61,85.0,74.0,Intermediate
STU1122,Varun Gupta,Mechanical,1,Male,2026-05-27,73,58,69.0,69,68.0,51,66,71.0,65.62,Intermediate
STU1123,Arjun Patil,IoT,4,Male,2026-07-29,78,77,68.0,79,77.0,65,87,72.0,75.38,Advanced
STU1124,Aarav Verma,ECE,2,Female,2026-08-23,79,74,61.0,74,53.0,70,67,64.0,67.75,Intermediate
STU1125,Aditi Deshmukh,CSE,3,Female,2026-03-14,81,80,86.0,94,76.0,80,74,76.0,80.88,Advanced
STU1126,Neha Jadhav,Civil,2,Male,2026-06-16,62,80,62.0,58,86.0,78,71,67.0,70.5,Intermediate
STU1127,Diya Gupta,IT,4,Male,2026-03-05,69,71,76.0,83,82.0,65,66,50.0,70.25,Intermediate
STU1128,Ananya Gupta,Civil,4,Male,2026-08-22,71,80,56.0,70,51.0,68,64,63.0,65.38,Intermediate
STU1129,Meera Singh,ECE,2,Male,2026-04-19,83,75,62.0,75,60.0,79,69,63.0,70.75,Intermediate
STU1130,Rohan Kulkarni,Robotics,4,Male,2026-04-19,70,84,95.0,100,83.0,85,62,72.0,81.38,Advanced
STU1131,Yash Deshmukh,ECE,2,Female,2026-04-09,85,91,76.0,75,81.0,86,78,87.0,82.38,Advanced
STU1132,Shreya Sharma,Mechanical,2,Male,2026-03-05,73,60,78.0,62,59.0,62,65,62.0,65.12,Intermediate
STU1133,Diya Kulkarni,ECE,1,Male,2026-03-11,85,68,69.0,65,73.0,67,55,65.0,68.38,Intermediate
STU1134,Meera Patil,IoT,3,Male,2026-08-07,100,70,57.0,94,81.0,79,87,65.0,79.12,Advanced
STU1135,Karan Mishra,IT,4,Female,2026-04-24,100,91,100.0,82,76.0,78,79,93.0,87.38,Advanced
STU1136,Diya Thakur,Robotics,2,Female,2026-06-12,85,71,73.0,70,73.0,55,75,62.0,70.5,Intermediate
STU1137,Akash Joshi,ECE,2,Male,2026-03-16,66,82,77.0,75,77.0,93,69,84.0,77.88,Advanced
STU1138,Ananya Verma,ECE,4,Female,2026-01-13,79,86,59.0,73,59.0,74,56,64.0,68.75,Intermediate
STU1139,Akash Verma,Robotics,3,Female,2026-02-22,61,78,65.0,68,43.0,75,55,66.0,63.88,Intermediate
STU1140,Shreya Gupta,ECE,1,Female,2026-02-22,42,72,84.0,80,66.0,63,73,55.0,66.88,Intermediate
STU1141,Shreya Pawar,Robotics,3,Male,2026-08-29,69,72,69.0,60,59.0,57,73,55.0,64.25,Intermediate
STU1142,Aarav Singh,IT,1,Male,2026-06-11,74,82,66.0,76,40.0,62,66,53.0,64.88,Intermediate
STU1143,Ishaan Sharma,Mechanical,4,Male,2026-08-23,51,65,63.0,69,58.0,65,67,54.0,61.5,Intermediate
STU1144,Kavya Patil,Civil,1,Female,2026-01-28,54,59,61.0,62,53.0,41,57,46.0,54.12,Intermediate
STU1145,Meera Mishra,Robotics,1,Female,2026-04-10,56,49,41.0,69,49.0,53,59,50.0,53.25,Intermediate
STU1146,Sakshi Gupta,Civil,3,Female,2026-02-23,85,84,84.0,84,100.0,75,92,87.0,86.38,Advanced
STU1147,Khushi Verma,IT,1,Male,2026-01-29,65,75,66.0,76,75.0,61,79,65.0,70.25,Intermediate
STU1148,Ishaan Mishra,ECE,1,Male,2026-06-24,69,68,64.0,84,56.0,62,60,67.0,66.25,Intermediate
STU1149,Riya Jadhav,AIDS,1,Male,2026-05-15,56,60,51.0,61,70.0,76,81,82.0,67.12,Intermediate
STU1150,Riya Pawar,Mechanical,3,Female,2026-07-24,84,85,52.0,71,68.0,75,68,66.0,71.12,Intermediate
STU1151,Shreya Mishra,IoT,4,Female,2026-01-26,100,100,85.0,92,100.0,76,87,88.0,91.0,Advanced
STU1152,Rohan Sharma,CSE,2,Female,2026-02-21,73,87,85.0,93,96.0,72,73,67.0,80.75,Advanced
STU1153,Aarav Chavan,AIDS,4,Male,2026-03-03,85,85,84.0,80,100.0,69,85,100.0,86.0,Advanced
STU1154,Neha Deshmukh,AIDS,2,Male,2026-07-28,60,76,92.0,61,66.0,82,72,75.0,73.0,Intermediate
STU1155,Arjun Kadam,Robotics,3,Female,2026-03-30,64,54,58.0,59,78.0,63,54,39.0,58.62,Intermediate
STU1156,Vedant Pawar,IT,3,Female,2026-04-04,79,74,78.0,78,65.0,81,90,71.0,77.0,Advanced
STU1157,Karan Verma,CSE,3,Female,2026-04-01,85,92,81.0,78,90.0,94,80,78.0,84.75,Advanced
STU1158,Sanya Verma,AIDS,1,Female,2026-04-27,60,58,49.0,63,46.0,43,45,40.0,50.5,Intermediate
STU1159,Shreya Singh,AIDS,3,Female,2026-04-26,82,88,68.0,81,54.0,89,63,66.0,73.88,Intermediate
STU1160,Varun Singh,IoT,2,Female,2026-04-19,63,74,65.0,72,84.0,50,78,64.0,68.75,Intermediate
STU1161,Aarav Singh,Mechanical,3,Female,2026-09-28,77,73,81.0,76,66.0,77,80,64.0,74.25,Intermediate
STU1162,Shreya Kadam,ECE,1,Female,2026-06-30,88,76,69.0,85,83.0,83,65,77.0,78.25,Advanced
STU1163,Rohan Singh,Robotics,4,Female,2026-03-26,83,92,98.0,73,73.0,89,66,67.0,80.12,Advanced
STU1164,Ananya Kulkarni,Civil,4,Female,2026-01-25,65,64,75.0,82,81.0,64,75,68.0,71.75,Intermediate
STU1165,Kavya Joshi,Robotics,3,Female,2026-01-09,62,85,52.0,68,69.0,89,72,73.0,71.25,Intermediate
STU1166,Akash Chavan,CSE,3,Male,2026-03-29,59,81,80.0,80,68.0,62,49,71.0,68.75,Intermediate
STU1167,Akash Pawar,IT,4,Female,2026-09-19,93,81,79.0,83,76.0,84,68,67.0,78.88,Advanced
STU1168,Sakshi Chavan,Mechanical,4,Female,2026-02-01,71,76,69.0,82,62.0,73,54,59.0,68.25,Intermediate
STU1169,Sakshi Sharma,Robotics,4,Male,2026-01-13,75,66,69.0,84,77.0,80,73,72.0,74.5,Intermediate
STU1170,Varun Verma,Robotics,4,Male,2026-01-07,54,84,66.0,67,76.0,68,80,76.0,71.38,Intermediate
STU1171,Riya Thakur,AIDS,4,Female,2026-02-26,90,87,86.0,74,87.0,76,72,68.0,80.0,Advanced
STU1172,Karan Joshi,Mechanical,2,Female,2026-07-01,71,64,,87,69.0,69,74,77.0,71.62,Intermediate
STU1173,Aarav Joshi,IoT,3,Female,2026-01-17,61,71,72.0,66,57.0,75,69,69.0,67.5,Intermediate
STU1174,Aarav Chavan,IT,2,Male,2026-09-23,65,61,73.0,76,41.0,56,50,56.0,59.75,Intermediate
STU1175,Tanvi Joshi,IT,1,Female,2026-05-14,54,66,60.0,58,59.0,56,57,75.0,60.62,Intermediate
STU1176,Yash Singh,IoT,3,Male,2026-03-09,100,82,89.0,100,100.0,74,68,95.0,88.5,Advanced
STU1177,Ishaan Verma,IoT,1,Female,2026-05-07,71,83,66.0,78,56.0,71,67,70.0,70.25,Intermediate
STU1178,Rohan Patil,CSE,4,Female,2026-09-02,73,67,92.0,89,58.0,83,70,76.0,76.0,Advanced
STU1179,Riya Mishra,IoT,3,Male,2026-03-18,51,74,52.0,55,77.0,75,62,63.0,63.62,Intermediate
STU1180,Sanya Kulkarni,Robotics,2,Female,2026-07-01,67,62,53.0,69,47.0,47,53,58.0,57.0,Intermediate
STU1181,Vedant Kulkarni,Civil,1,Male,2026-05-19,75,54,66.0,59,76.0,81,52,53.0,64.5,Intermediate
STU1182,Pooja Chavan,IT,1,Female,2026-02-07,75,62,72.0,70,65.0,88,61,79.0,71.5,Intermediate
STU1183,Diya Kulkarni,Civil,4,Female,2026-03-02,83,86,86.0,78,68.0,68,69,100.0,79.75,Advanced
STU1184,Nikhil Verma,IoT,2,Male,2026-04-07,81,83,83.0,76,81.0,91,64,68.0,78.38,Advanced
STU1185,Varun Singh,CSE,1,Female,2026-08-02,58,68,75.0,82,82.0,78,76,70.0,73.62,Intermediate
STU1186,Aditi Deshmukh,CSE,1,Female,2026-05-18,72,87,68.0,88,77.0,98,76,81.0,80.88,Advanced
STU1187,Aarav Mishra,IoT,4,Female,2026-05-17,65,69,82.0,79,67.0,70,69,76.0,72.12,Intermediate
STU1188,Rahul Patil,IoT,1,Male,2026-04-03,75,79,83.0,68,59.0,59,88,81.0,74.0,Intermediate
STU1189,Arjun Mishra,Robotics,3,Female,2026-04-13,92,76,79.0,76,74.0,77,68,82.0,78.0,Advanced
STU1190,Riya Verma,Civil,1,Female,2026-06-05,78,74,57.0,84,61.0,72,72,69.0,70.88,Intermediate
STU1191,Ananya Verma,CSE,4,Male,2026-01-30,86,84,92.0,92,71.0,68,78,71.0,80.25,Advanced
STU1192,Rohan Patil,CSE,4,Male,2026-01-20,79,82,85.0,63,68.0,81,87,71.0,77.0,Advanced
STU1193,Neha Mishra,Robotics,1,Female,2026-04-06,62,71,62.0,81,71.0,52,52,62.0,64.12,Intermediate
STU1194,Pooja Deshmukh,ECE,2,Female,2026-07-28,70,72,79.0,57,63.0,60,77,41.0,64.88,Intermediate
STU1195,Diya Verma,ECE,1,Female,2026-09-02,83,75,69.0,80,77.0,78,77,90.0,78.62,Advanced
STU1196,Karan Deshmukh,AIDS,2,Male,2026-08-10,73,68,68.0,93,61.0,82,86,78.0,76.12,Advanced
STU1197,Yash Thakur,Mechanical,2,Male,2026-07-14,85,64,70.0,57,43.0,69,73,83.0,68.0,Intermediate
STU1198,Rohan Chavan,AIDS,3,Male,2026-07-23,94,83,88.0,100,98.0,79,95,94.0,91.38,Advanced
STU1199,Tanvi Verma,CSE,4,Male,2026-07-01,68,85,77.0,89,74.0,78,86,82.0,79.88,Advanced
STU1200,Aarav Joshi,Civil,4,Male,2026-03-27,87,72,77.0,80,70.0,70,84,66.0,75.75,Advanced
STU1201,Tanvi Gupta,AIDS,3,Male,2026-03-09,82,74,71.0,77,73.0,75,81,57.0,73.75,Intermediate
STU1202,Aarav Verma,Civil,1,Female,2026-01-28,62,65,53.0,46,60.0,55,37,36.0,51.75,Intermediate
STU1203,Sakshi Pawar,Civil,3,Female,2026-07-01,41,65,50.0,60,,59,50,45.0,52.25,Intermediate
STU1204,Khushi Kulkarni,IT,4,Female,2026-04-14,88,94,85.0,84,99.0,89,80,95.0,89.25,Advanced
STU1205,Akash Singh,Mechanical,2,Male,2026-01-26,79,59,43.0,75,49.0,60,62,67.0,61.75,Intermediate
STU1206,Pooja Singh,ECE,4,Male,2026-02-14,75,80,75.0,76,76.0,71,66,81.0,75.0,Advanced
STU1207,Sakshi Kulkarni,ECE,3,Male,2026-04-29,71,88,69.0,81,82.0,77,79,69.0,77.0,Advanced
STU1208,Vedant Sharma,Mechanical,1,Female,2026-05-06,62,60,59.0,52,53.0,60,58,57.0,57.62,Intermediate
STU1209,Khushi Sharma,CSE,4,Male,2026-02-05,64,65,76.0,61,55.0,63,60,78.0,65.25,Intermediate
STU1210,Rohan Singh,Civil,2,Male,2026-07-11,61,63,51.0,58,60.0,67,46,59.0,58.12,Intermediate
STU1211,Aarav Pawar,AIDS,2,Male,2026-03-30,54,65,72.0,65,62.0,53,70,49.0,61.25,Intermediate
STU1212,Meera Kulkarni,Robotics,2,Female,2026-09-06,69,61,65.0,66,86.0,63,81,69.0,70.0,Intermediate
STU1213,Riya Gupta,ECE,4,Male,2026-02-08,73,85,50.0,81,89.0,80,92,73.0,77.88,Advanced
STU1214,Khushi Gupta,Robotics,1,Female,2026-04-06,67,80,59.0,78,60.0,67,76,67.0,69.25,Intermediate
STU1215,Akash Sharma,Civil,2,Male,2026-03-25,61,49,58.0,64,38.0,33,57,50.0,51.25,Intermediate
STU1216,Yash Thakur,IoT,3,Male,2026-09-30,69,76,55.0,65,44.0,56,64,43.0,59.0,Intermediate
STU1217,Ishaan Pawar,Robotics,2,Male,2026-01-13,58,69,60.0,48,36.0,57,66,33.0,53.38,Intermediate
STU1218,Ananya Thakur,Robotics,2,Female,2026-06-29,66,84,76.0,75,64.0,62,71,52.0,68.75,Intermediate
STU1219,Shreya Patil,IT,4,Female,2026-03-13,73,89,74.0,87,84.0,74,68,92.0,80.12,Advanced
STU1220,Kavya Chavan,ECE,2,Male,2026-02-25,80,67,80.0,65,67.0,63,72,53.0,68.38,Intermediate
STU1221,Riya Chavan,AIDS,2,Male,2026-01-06,72,75,75.0,76,57.0,69,66,88.0,72.25,Intermediate
STU1222,Neha Verma,ECE,4,Male,2026-02-27,97,79,88.0,100,91.0,85,81,65.0,85.75,Advanced
STU1223,Vedant Mishra,Robotics,1,Female,2026-05-17,45,59,68.0,60,48.0,61,61,44.0,55.75,Intermediate
STU1224,Aditi Sharma,IoT,4,Male,2026-01-10,67,81,73.0,81,53.0,76,92,69.0,74.0,Intermediate
STU1225,Vedant Kulkarni,ECE,3,Male,2026-03-30,84,85,,65,56.0,74,80,63.0,71.38,Intermediate
STU1226,Sanya Pawar,IT,2,Female,2026-01-25,71,65,78.0,93,73.0,59,82,58.0,72.38,Intermediate
STU1227,Varun Jadhav,Civil,4,Female,2026-08-25,52,65,57.0,79,60.0,76,41,67.0,62.12,Intermediate
STU1228,Varun Patil,Civil,3,Female,2026-08-08,80,73,64.0,65,51.0,66,65,50.0,64.25,Intermediate
STU1229,Shreya Jadhav,IT,2,Female,2026-01-22,64,58,66.0,69,65.0,71,58,67.0,64.75,Intermediate
STU1230,Diya Kulkarni,AIDS,3,Female,2026-06-12,75,84,77.0,75,77.0,75,82,73.0,77.25,Advanced
STU1231,Meera Mishra,AIDS,2,Female,2026-01-20,64,82,78.0,68,61.0,71,64,76.0,70.5,Intermediate
STU1232,Arjun Patil,AIDS,2,Female,2026-08-27,74,75,87.0,78,67.0,65,72,60.0,72.25,Intermediate
STU1233,Kavya Deshmukh,Mechanical,3,Female,2026-06-13,70,69,62.0,64,55.0,72,59,59.0,63.75,Intermediate
STU1234,Neha Mishra,Civil,2,Male,2026-07-13,55,75,61.0,64,61.0,70,69,52.0,63.38,Intermediate
STU1235,Arjun Gupta,IoT,3,Male,2026-06-22,59,53,59.0,61,53.0,65,60,53.0,57.88,Intermediate
STU1236,Ananya Kulkarni,IoT,1,Male,2026-04-06,64,56,31.0,45,46.0,55,50,61.0,51.0,Intermediate
STU1237,Nikhil Joshi,CSE,1,Male,2026-09-04,64,59,58.0,51,66.0,67,60,52.0,59.62,Intermediate
STU1238,Rahul Verma,ECE,1,Female,2026-08-25,69,62,50.0,67,,80,76,67.0,66.88,Intermediate
STU1239,Vedant Singh,Robotics,4,Female,2026-05-01,83,81,70.0,90,94.0,75,72,82.0,80.88,Advanced
STU1240,Shreya Thakur,IT,2,Male,2026-09-03,66,60,60.0,79,74.0,58,75,46.0,64.75,Intermediate
STU1241,Sakshi Mishra,IT,2,Female,2026-01-08,100,87,90.0,79,85.0,86,78,80.0,85.62,Advanced
STU1242,Khushi Chavan,Civil,2,Male,2026-08-16,50,72,51.0,54,67.0,66,67,68.0,61.88,Intermediate
STU1243,Sanya Patil,IoT,2,Male,2026-01-30,62,80,77.0,72,66.0,64,58,86.0,70.62,Intermediate
STU1244,Yash Verma,Civil,3,Female,2026-02-19,59,73,49.0,57,69.0,67,58,64.0,62.0,Intermediate
STU1245,Vedant Jadhav,IT,1,Male,2026-07-13,91,76,40.0,83,60.0,94,70,51.0,70.62,Intermediate
STU1246,Arjun Jadhav,Mechanical,4,Female,2026-04-05,81,63,57.0,58,48.0,56,60,48.0,58.88,Intermediate
STU1247,Tanvi Chavan,CSE,1,Female,2026-07-01,68,81,68.0,72,79.0,83,87,87.0,78.12,Advanced
STU1248,Vedant Pawar,AIDS,4,Male,2026-07-04,92,87,94.0,76,67.0,92,72,88.0,83.5,Advanced
STU1249,Neha Deshmukh,Mechanical,2,Female,2026-05-04,59,65,65.0,72,62.0,74,71,82.0,68.75,Intermediate
STU1250,Aarav Jadhav,Mechanical,4,Male,2026-05-08,83,66,73.0,83,69.0,100,56,81.0,76.38,Advanced
STU1251,Aarav Sharma,IT,4,Male,2026-07-14,75,86,61.0,88,80.0,87,89,82.0,81.0,Advanced
STU1252,Varun Pawar,IoT,4,Female,2026-03-28,71,75,88.0,92,71.0,78,68,87.0,78.75,Advanced
STU1253,Kavya Thakur,AIDS,1,Female,2026-02-12,68,72,75.0,55,65.0,72,74,56.0,67.12,Intermediate
STU1254,Tanvi Patil,CSE,1,Female,2026-04-06,68,49,73.0,65,75.0,51,56,34.0,58.88,Intermediate
STU1255,Riya Thakur,ECE,3,Female,2026-04-22,76,75,80.0,72,47.0,71,52,72.0,68.12,Intermediate
STU1256,Ishaan Deshmukh,ECE,1,Female,2026-07-07,82,86,73.0,67,78.0,67,72,69.0,74.25,Intermediate
STU1257,Varun Thakur,CSE,2,Male,2026-09-24,78,87,89.0,88,72.0,98,100,86.0,87.25,Advanced
STU1258,Vedant Verma,IT,2,Female,2026-09-20,66,74,56.0,54,79.0,76,53,63.0,65.12,Intermediate
STU1259,Neha Jadhav,ECE,3,Female,2026-08-03,80,71,73.0,73,66.0,74,68,53.0,69.75,Intermediate
STU1260,Riya Verma,Civil,3,Male,2026-09-30,82,81,70.0,78,74.0,56,80,65.0,73.25,Intermediate
STU1261,Arjun Kulkarni,ECE,4,Male,2026-06-18,54,57,52.0,64,85.0,63,68,69.0,64.0,Intermediate
STU1262,Pooja Mishra,IT,2,Female,2026-08-06,86,89,53.0,66,65.0,62,74,62.0,69.62,Intermediate
STU1263,Arjun Patil,Mechanical,1,Female,2026-01-16,74,59,78.0,74,82.0,72,62,66.0,70.88,Intermediate
STU1264,Pooja Chavan,ECE,3,Female,2026-06-30,97,71,82.0,93,100.0,75,81,81.0,85.0,Advanced
STU1265,Shreya Deshmukh,IoT,3,Female,2026-06-21,55,86,76.0,77,96.0,70,71,94.0,78.12,Advanced
STU1266,Neha Jadhav,AIDS,2,Female,2026-07-15,65,57,67.0,69,56.0,70,51,59.0,61.75,Intermediate
STU1267,Riya Deshmukh,CSE,2,Female,2026-05-30,79,72,69.0,78,63.0,69,59,68.0,69.62,Intermediate
STU1268,Ishaan Joshi,Robotics,1,Female,2026-02-04,59,75,64.0,77,76.0,50,55,70.0,65.75,Intermediate
STU1269,Aarav Chavan,AIDS,4,Female,2026-09-23,82,78,60.0,86,100.0,70,71,46.0,74.12,Intermediate
STU1270,Arjun Gupta,ECE,4,Male,2026-01-25,68,73,90.0,93,71.0,90,85,79.0,81.12,Advanced
STU1271,Khushi Kulkarni,IT,2,Female,2026-03-09,66,64,72.0,70,61.0,64,80,76.0,69.12,Intermediate
STU1272,Arjun Joshi,AIDS,1,Male,2026-06-24,87,84,79.0,75,63.0,86,70,80.0,78.0,Advanced
STU1273,Aditi Joshi,IoT,4,Female,2026-03-17,83,100,93.0,100,75.0,100,87,95.0,91.62,Advanced
STU1274,Khushi Jadhav,IoT,4,Male,2026-05-06,81,100,78.0,89,86.0,95,100,80.0,88.62,Advanced
STU1275,Sanya Jadhav,IoT,4,Male,2026-06-07,74,67,95.0,78,63.0,65,67,84.0,74.12,Intermediate
STU1276,Aarav Singh,Civil,3,Male,2026-05-14,68,83,100.0,69,58.0,81,86,68.0,76.62,Advanced
STU1277,Arjun Thakur,ECE,1,Female,2026-01-25,79,84,88.0,69,71.0,70,60,76.0,74.62,Intermediate
STU1278,Ananya Singh,IT,2,Female,2026-08-29,73,91,93.0,92,83.0,76,89,78.0,84.38,Advanced
STU1279,Riya Gupta,Mechanical,1,Male,2026-05-09,72,76,79.0,75,77.0,68,81,71.0,74.88,Intermediate
STU1280,Aditi Patil,IT,3,Female,2026-02-17,70,74,66.0,70,96.0,90,92,61.0,77.38,Advanced
STU1281,Shreya Singh,ECE,3,Female,2026-05-26,63,71,62.0,85,65.0,84,77,94.0,75.12,Advanced
STU1282,Neha Sharma,IoT,2,Female,2026-03-15,52,71,61.0,60,47.0,52,76,57.0,59.5,Intermediate
STU1283,Akash Mishra,Mechanical,4,Female,2026-03-30,79,61,62.0,71,66.0,67,70,72.0,68.5,Intermediate
STU1284,Aarav Patil,IoT,2,Male,2026-03-23,67,76,85.0,84,56.0,79,55,73.0,71.88,Intermediate
STU1285,Sanya Kadam,ECE,2,Male,2026-07-02,71,54,55.0,70,52.0,61,68,64.0,61.88,Intermediate
STU1286,Arjun Mishra,AIDS,1,Female,2026-03-24,70,77,63.0,70,55.0,70,61,56.0,65.25,Intermediate
STU1287,Akash Patil,IT,1,Female,2026-03-16,72,63,70.0,66,55.0,56,54,56.0,61.5,Intermediate
STU1288,Aarav Singh,AIDS,1,Male,2026-07-15,60,69,54.0,75,73.0,60,58,66.0,64.38,Intermediate
STU1289,Khushi Kadam,ECE,3,Female,2026-07-28,89,72,80.0,76,64.0,58,71,69.0,72.38,Intermediate
STU1290,Neha Thakur,ECE,4,Female,2026-03-20,88,97,100.0,88,76.0,84,73,95.0,87.62,Advanced
STU1291,Nikhil Mishra,AIDS,3,Female,2026-07-11,78,83,85.0,75,72.0,74,55,66.0,73.5,Intermediate
STU1292,Pooja Sharma,Civil,1,Male,2026-01-22,60,58,32.0,51,57.0,71,37,49.0,51.88,Intermediate
STU1293,Sanya Sharma,ECE,1,Male,2026-07-20,78,69,60.0,81,74.0,78,63,77.0,72.5,Intermediate
STU1294,Akash Gupta,Civil,2,Female,2026-04-07,55,48,32.0,55,54.0,59,56,53.0,51.5,Intermediate
STU1295,Rohan Jadhav,CSE,4,Male,2026-07-08,66,78,47.0,61,63.0,76,58,54.0,62.88,Intermediate
STU1296,Kavya Thakur,IT,1,Female,2026-03-09,62,66,53.0,52,57.0,36,60,44.0,53.75,Intermediate
STU1297,Khushi Jadhav,AIDS,1,Male,2026-07-04,72,77,64.0,70,60.0,66,53,59.0,65.12,Intermediate
STU1298,Aditi Verma,IoT,4,Female,2026-07-26,61,55,69.0,84,59.0,78,76,53.0,66.88,Intermediate
STU1299,Karan Gupta,AIDS,4,Male,2026-04-10,81,73,56.0,68,72.0,63,44,65.0,65.25,Intermediate
STU1300,Ananya Jadhav,IT,4,Female,2026-03-22,78,81,85.0,78,96.0,64,66,79.0,78.38,Advanced
STU1301,Tanvi Sharma,Civil,4,Male,2026-02-24,83,63,67.0,78,57.0,60,59,72.0,67.38,Intermediate
STU1302,Nikhil Kadam,Robotics,3,Female,2026-03-08,83,99,80.0,94,73.0,100,94,77.0,87.5,Advanced
STU1303,Yash Joshi,IoT,1,Male,2026-01-10,57,87,81.0,84,76.0,80,87,80.0,79.0,Advanced
STU1304,Tanvi Thakur,IoT,2,Male,2026-07-27,77,89,65.0,61,68.0,74,76,70.0,72.5,Intermediate
STU1305,Ananya Jadhav,CSE,4,Female,2026-07-22,94,87,69.0,68,75.0,59,87,78.0,77.12,Advanced
STU1306,Arjun Pawar,IT,1,Female,2026-05-17,53,60,59.0,50,57.0,44,62,51.0,54.5,Intermediate
STU1307,Yash Verma,Mechanical,1,Female,2026-03-14,62,80,68.0,83,91.0,64,63,63.0,71.75,Intermediate
STU1308,Rohan Verma,AIDS,1,Female,2026-01-26,77,74,76.0,86,66.0,55,77,61.0,71.5,Intermediate
STU1309,Riya Joshi,CSE,2,Male,2026-02-18,66,77,80.0,80,82.0,71,59,85.0,75.0,Advanced
STU1310,Sakshi Patil,IoT,2,Female,2026-05-14,49,75,56.0,66,56.0,80,74,42.0,62.25,Intermediate
STU1311,Ishaan Singh,Robotics,4,Male,2026-01-02,76,74,58.0,67,65.0,61,65,42.0,63.5,Intermediate
STU1312,Vedant Chavan,AIDS,4,Male,2026-09-11,100,91,92.0,95,49.0,87,69,68.0,81.38,Advanced
STU1313,Arjun Mishra,Robotics,4,Male,2026-08-10,75,95,85.0,67,86.0,75,80,87.0,81.25,Advanced
STU1314,Rohan Gupta,Civil,3,Male,2026-07-11,78,68,73.0,65,,65,61,67.0,67.5,Intermediate
STU1315,Nikhil Gupta,ECE,2,Female,2026-01-14,89,65,74.0,78,47.0,75,77,74.0,72.38,Intermediate
STU1316,Akash Pawar,IT,4,Male,2026-04-16,63,82,72.0,74,100.0,90,65,78.0,78.0,Advanced
STU1317,Rohan Patil,Civil,2,Female,2026-08-16,69,59,68.0,77,79.0,64,87,43.0,68.25,Intermediate
STU1318,Shreya Pawar,IT,1,Male,2026-06-16,79,68,70.0,53,71.0,77,65,70.0,69.12,Intermediate
STU1319,Varun Thakur,Mechanical,4,Female,2026-02-26,61,46,54.0,75,,51,57,57.0,57.62,Intermediate
STU1320,Sanya Patil,AIDS,3,Male,2026-01-25,93,80,74.0,93,82.0,73,78,75.0,81.0,Advanced
STU1321,Ananya Mishra,ECE,3,Male,2026-09-03,47,78,53.0,70,60.0,59,59,76.0,62.75,Intermediate
STU1322,Karan Verma,IT,2,Male,2026-08-17,56,61,51.0,61,74.0,69,67,,60.38,Intermediate
STU1323,Neha Pawar,AIDS,3,Male,2026-09-16,79,76,65.0,71,58.0,71,74,50.0,68.0,Intermediate
STU1324,Ishaan Mishra,IT,4,Female,2026-07-23,83,80,80.0,85,89.0,81,88,74.0,82.5,Advanced
STU1325,Pooja Joshi,Robotics,3,Male,2026-09-20,86,83,65.0,86,66.0,70,67,76.0,74.88,Intermediate
STU1326,Sanya Jadhav,Robotics,4,Male,2026-08-07,95,77,80.0,79,89.0,76,69,79.0,80.5,Advanced
STU1327,Rahul Deshmukh,IoT,4,Female,2026-08-08,73,75,88.0,74,72.0,74,68,73.0,74.62,Intermediate
STU1328,Arjun Verma,CSE,4,Female,2026-06-30,79,89,76.0,83,77.0,84,82,75.0,80.62,Advanced
STU1329,Neha Pawar,CSE,3,Male,2026-01-09,84,78,68.0,71,71.0,71,63,84.0,73.75,Intermediate
STU1330,Shreya Kadam,Civil,1,Male,2026-01-28,57,70,39.0,63,46.0,79,48,45.0,55.88,Intermediate
STU1331,Tanvi Joshi,IT,4,Male,2026-07-18,65,87,59.0,76,80.0,84,65,68.0,73.0,Intermediate
STU1332,Tanvi Gupta,IoT,2,Female,2026-03-21,78,80,64.0,66,63.0,71,73,64.0,69.88,Intermediate
STU1333,Riya Pawar,CSE,3,Female,2026-09-03,86,59,68.0,71,71.0,53,85,70.0,70.38,Intermediate
STU1334,Ishaan Thakur,Civil,4,Female,2026-01-19,71,86,74.0,57,76.0,85,63,76.0,73.5,Intermediate
STU1335,Tanvi Jadhav,Civil,4,Female,2026-07-12,78,84,77.0,80,75.0,65,76,91.0,78.25,Advanced
STU1336,Ishaan Chavan,Mechanical,1,Female,2026-04-07,70,65,62.0,58,33.0,54,47,56.0,55.62,Intermediate
STU1337,Arjun Verma,AIDS,1,Female,2026-07-01,81,66,51.0,56,60.0,63,56,53.0,60.75,Intermediate
STU1338,Vedant Thakur,CSE,4,Female,2026-02-24,86,77,71.0,77,80.0,77,85,51.0,75.5,Advanced
STU1339,Meera Kadam,Mechanical,4,Male,2026-03-22,68,82,52.0,75,74.0,91,66,72.0,72.5,Intermediate
STU1340,Sakshi Mishra,IoT,4,Male,2026-09-25,65,77,49.0,71,81.0,69,65,61.0,67.25,Intermediate
STU1341,Karan Jadhav,IT,1,Male,2026-03-17,69,54,50.0,77,56.0,78,61,42.0,60.88,Intermediate
STU1342,Neha Patil,Mechanical,1,Female,2026-06-16,71,61,70.0,90,72.0,70,78,69.0,72.62,Intermediate
STU1343,Diya Gupta,CSE,1,Male,2026-07-23,81,67,83.0,72,57.0,81,66,75.0,72.75,Intermediate
STU1344,Pooja Thakur,IT,3,Male,2026-06-27,64,83,70.0,71,54.0,62,53,69.0,65.75,Intermediate
STU1345,Kavya Jadhav,IT,2,Male,2026-02-14,75,90,53.0,82,77.0,63,70,63.0,71.62,Intermediate
STU1346,Karan Sharma,IT,3,Male,2026-04-03,92,72,71.0,88,77.0,75,67,77.0,77.38,Advanced
STU1347,Aditi Deshmukh,Robotics,1,Female,2026-06-17,69,76,64.0,80,58.0,59,69,53.0,66.0,Intermediate
STU1348,Arjun Kulkarni,Robotics,2,Female,2026-09-15,57,44,58.0,60,47.0,65,43,64.0,54.75,Intermediate
STU1349,Sanya Singh,CSE,1,Male,2026-02-04,61,66,74.0,76,88.0,42,54,80.0,67.62,Intermediate
STU1350,Riya Thakur,ECE,4,Female,2026-03-07,81,68,63.0,55,54.0,81,61,56.0,64.88,Intermediate
STU1351,Aarav Kulkarni,AIDS,1,Female,2026-03-30,55,55,35.0,59,58.0,56,49,57.0,53.0,Intermediate
STU1352,Shreya Patil,IoT,4,Female,2026-08-31,85,94,74.0,100,72.0,82,74,81.0,82.75,Advanced
STU1353,Ishaan Pawar,IoT,4,Male,2026-08-19,60,78,63.0,100,54.0,62,80,69.0,70.75,Intermediate
STU1354,Nikhil Joshi,Civil,4,Male,2026-08-14,68,91,64.0,85,85.0,78,74,66.0,76.38,Advanced
STU1355,Ananya Kulkarni,Civil,3,Male,2026-08-11,70,61,73.0,56,75.0,69,62,70.0,67.0,Intermediate
STU1356,Sanya Thakur,AIDS,2,Male,2026-03-10,88,88,76.0,70,65.0,74,82,67.0,76.25,Advanced
STU1357,Neha Kulkarni,CSE,2,Male,2026-07-08,78,69,86.0,73,74.0,77,78,53.0,73.5,Intermediate
STU1358,Ishaan Kadam,Civil,1,Male,2026-01-13,53,71,51.0,60,53.0,62,68,60.0,59.75,Intermediate
STU1359,Khushi Jadhav,Robotics,4,Female,2026-01-21,86,88,100.0,78,83.0,83,87,100.0,88.12,Advanced
STU1360,Sanya Gupta,Robotics,3,Male,2026-03-21,76,78,48.0,66,56.0,71,72,82.0,68.62,Intermediate
STU1361,Akash Thakur,Mechanical,4,Female,2026-08-03,86,95,83.0,75,63.0,67,86,91.0,80.75,Advanced
STU1362,Nikhil Sharma,Civil,1,Male,2026-02-22,72,70,82.0,81,73.0,80,77,86.0,77.62,Advanced
STU1363,Shreya Mishra,IT,2,Male,2026-08-04,84,81,97.0,80,77.0,78,73,82.0,81.5,Advanced
STU1364,Kavya Thakur,AIDS,4,Male,2026-07-12,74,71,78.0,69,75.0,71,55,80.0,71.62,Intermediate
STU1365,Karan Gupta,IoT,2,Female,2026-07-07,57,60,59.0,50,60.0,77,61,56.0,60.0,Intermediate
STU1366,Aarav Verma,Robotics,3,Male,2026-04-19,61,76,68.0,88,50.0,65,50,39.0,62.12,Intermediate
STU1367,Nikhil Mishra,Mechanical,1,Female,2026-08-31,60,56,51.0,57,44.0,51,50,59.0,53.5,Intermediate
STU1368,Rohan Pawar,CSE,3,Male,2026-05-03,48,55,54.0,57,41.0,64,46,46.0,51.38,Intermediate
STU1369,Yash Patil,Civil,2,Male,2026-01-29,36,58,61.0,69,57.0,57,80,55.0,59.12,Intermediate
STU1370,Diya Deshmukh,Civil,2,Male,2026-04-12,59,65,75.0,81,62.0,52,67,69.0,66.25,Intermediate
STU1371,Diya Jadhav,Civil,2,Male,2026-04-24,59,59,70.0,68,59.0,60,61,64.0,62.5,Intermediate
STU1372,Neha Thakur,Mechanical,1,Female,2026-06-12,71,73,72.0,72,77.0,50,79,76.0,71.25,Intermediate
STU1373,Nikhil Thakur,IoT,3,Female,2026-09-12,92,80,88.0,83,58.0,84,75,80.0,80.0,Advanced
STU1374,Rahul Deshmukh,AIDS,2,Female,2026-02-13,92,88,69.0,72,68.0,91,78,80.0,79.75,Advanced
STU1375,Riya Kulkarni,AIDS,1,Female,2026-01-27,49,60,41.0,61,40.0,42,63,52.0,51.0,Intermediate
STU1376,Tanvi Kadam,AIDS,3,Male,2026-01-12,85,76,70.0,84,71.0,85,76,77.0,78.0,Advanced
STU1377,Arjun Joshi,Robotics,1,Male,2026-05-24,80,65,67.0,80,80.0,68,46,77.0,70.38,Intermediate
STU1378,Akash Verma,Civil,3,Female,2026-03-13,44,42,68.0,64,55.0,75,65,75.0,61.0,Intermediate
STU1379,Shreya Pawar,Mechanical,2,Female,2026-03-30,55,57,60.0,58,,63,73,50.0,59.38,Intermediate
STU1380,Sakshi Pawar,Civil,1,Female,2026-07-11,52,52,54.0,53,49.0,56,51,63.0,53.75,Intermediate
STU1381,Rohan Chavan,CSE,3,Female,2026-05-19,59,65,43.0,59,57.0,59,62,47.0,56.38,Intermediate
STU1382,Rahul Patil,IoT,2,Male,2026-06-15,71,78,63.0,74,66.0,61,55,55.0,65.38,Intermediate
STU1383,Tanvi Kulkarni,IoT,3,Male,2026-07-17,72,80,83.0,76,64.0,63,58,76.0,71.5,Intermediate
STU1384,Varun Verma,IoT,4,Male,2026-04-09,91,84,73.0,88,82.0,85,80,78.0,82.62,Advanced
STU1385,Riya Gupta,ECE,1,Male,2026-02-07,94,92,82.0,93,84.0,83,78,79.0,85.62,Advanced
STU1386,Meera Mishra,Mechanical,2,Female,2026-04-04,60,48,31.0,46,29.0,50,45,51.0,45.0,Beginner
STU1387,Khushi Singh,Civil,2,Male,2026-06-21,61,76,70.0,86,67.0,62,73,64.0,69.88,Intermediate
STU1388,Diya Mishra,CSE,4,Male,2026-05-26,81,82,72.0,84,65.0,68,84,83.0,77.38,Advanced
STU1389,Yash Mishra,IoT,4,Male,2026-04-03,70,82,66.0,66,68.0,69,56,53.0,66.25,Intermediate
STU1390,Tanvi Singh,Mechanical,2,Female,2026-01-17,53,69,50.0,68,54.0,51,62,56.0,57.88,Intermediate
STU1391,Ananya Jadhav,ECE,3,Male,2026-01-16,87,70,67.0,67,63.0,54,67,69.0,68.0,Intermediate
STU1392,Kavya Jadhav,Robotics,2,Male,2026-05-17,79,62,55.0,64,65.0,55,76,57.0,64.12,Intermediate
STU1393,Sakshi Mishra,Mechanical,1,Female,2026-01-31,50,75,52.0,57,86.0,69,70,65.0,65.5,Intermediate
STU1394,Arjun Pawar,Robotics,3,Female,2026-02-06,63,66,53.0,74,84.0,76,68,67.0,68.88,Intermediate
STU1395,Ananya Kadam,IT,1,Male,2026-03-28,65,69,80.0,64,58.0,75,59,64.0,66.75,Intermediate
STU1396,Varun Patil,ECE,4,Female,2026-03-31,77,74,84.0,98,77.0,74,83,86.0,81.62,Advanced
STU1397,Karan Patil,ECE,3,Male,2026-06-30,66,73,69.0,70,49.0,91,63,65.0,68.25,Intermediate
STU1398,Tanvi Joshi,IoT,2,Male,2026-09-17,83,85,74.0,75,65.0,66,66,58.0,71.5,Intermediate
STU1399,Nikhil Mishra,Mechanical,2,Male,2026-05-15,69,73,61.0,95,79.0,56,68,59.0,70.0,Intermediate
STU1400,Riya Thakur,AIDS,4,Male,2026-06-05,66,82,79.0,84,58.0,76,75,63.0,72.88,Intermediate
STU1401,Nikhil Chavan,Robotics,4,Female,2026-04-10,82,80,83.0,76,60.0,82,74,77.0,76.75,Advanced
STU1402,Akash Thakur,Civil,1,Female,2026-02-22,59,45,51.0,59,46.0,69,66,49.0,55.5,Intermediate
STU1403,Diya Sharma,IT,2,Male,2026-09-20,65,43,85.0,72,64.0,73,67,62.0,66.38,Intermediate
STU1404,Sanya Deshmukh,IoT,1,Female,2026-04-18,62,56,67.0,68,43.0,64,64,66.0,61.25,Intermediate
STU1405,Rahul Pawar,CSE,3,Female,2026-01-22,64,75,68.0,92,78.0,82,75,66.0,75.0,Advanced
STU1406,Aditi Jadhav,ECE,1,Female,2026-07-21,73,66,69.0,64,62.0,68,57,81.0,67.5,Intermediate
STU1407,Yash Chavan,IT,4,Female,2026-07-16,95,94,83.0,95,80.0,75,80,69.0,83.88,Advanced
STU1408,Sakshi Kadam,CSE,2,Male,2026-06-01,58,64,52.0,51,52.0,60,49,52.0,54.75,Intermediate
STU1409,Nikhil Deshmukh,IT,2,Male,2026-09-30,83,84,66.0,63,42.0,54,55,80.0,65.88,Intermediate
STU1410,Vedant Singh,CSE,3,Male,2026-09-05,67,87,78.0,78,79.0,93,73,75.0,78.75,Advanced
STU1411,Aarav Kulkarni,ECE,1,Female,2026-02-25,58,53,55.0,48,47.0,58,77,56.0,56.5,Intermediate
STU1412,Aarav Sharma,AIDS,4,Female,2026-08-13,64,68,84.0,84,65.0,84,69,66.0,73.0,Intermediate
STU1413,Rahul Patil,IT,1,Male,2026-05-25,67,72,61.0,53,87.0,70,70,64.0,68.0,Intermediate
STU1414,Meera Deshmukh,IT,1,Female,2026-08-12,84,56,51.0,61,73.0,63,50,72.0,63.75,Intermediate
STU1415,Varun Kadam,Robotics,2,Female,2026-03-03,86,90,82.0,89,69.0,91,83,80.0,83.75,Advanced
STU1416,Rohan Thakur,Civil,3,Female,2026-06-04,81,95,93.0,91,68.0,86,98,61.0,84.12,Advanced
STU1417,Aarav Sharma,Robotics,4,Female,2026-04-15,84,90,77.0,82,73.0,79,93,73.0,81.38,Advanced
STU1418,Karan Verma,Mechanical,2,Female,2026-08-12,74,64,50.0,63,40.0,52,64,64.0,58.88,Intermediate
STU1419,Aarav Deshmukh,AIDS,2,Male,2026-05-13,67,66,48.0,62,72.0,82,70,79.0,68.25,Intermediate
STU1420,Riya Gupta,IoT,1,Male,2026-02-03,69,62,75.0,88,63.0,73,66,57.0,69.12,Intermediate
STU1421,Diya Mishra,IT,3,Male,2026-06-26,57,54,77.0,63,54.0,71,50,52.0,59.75,Intermediate
STU1422,Rohan Deshmukh,Mechanical,3,Female,2026-07-23,70,63,72.0,85,81.0,79,76,91.0,77.12,Advanced
STU1423,Arjun Kulkarni,Civil,4,Female,2026-08-25,76,69,60.0,62,53.0,75,61,55.0,63.88,Intermediate
STU1424,Akash Deshmukh,IT,3,Male,2026-08-13,65,62,77.0,70,54.0,67,73,67.0,66.88,Intermediate
STU1425,Vedant Deshmukh,IoT,2,Male,2026-01-15,81,74,73.0,80,75.0,75,85,77.0,77.5,Advanced
STU1426,Tanvi Deshmukh,CSE,3,Male,2026-03-02,68,71,65.0,79,80.0,69,79,71.0,72.75,Intermediate
STU1427,Khushi Jadhav,IT,3,Female,2026-04-25,71,83,88.0,73,81.0,80,63,79.0,77.25,Advanced
STU1428,Sanya Patil,AIDS,2,Male,2026-09-17,49,63,89.0,72,51.0,79,54,57.0,64.25,Intermediate
STU1429,Tanvi Chavan,Mechanical,2,Male,2026-01-08,63,82,59.0,56,88.0,74,58,65.0,68.12,Intermediate
STU1430,Karan Chavan,Robotics,3,Female,2026-03-18,77,75,68.0,81,45.0,62,59,77.0,68.0,Intermediate
STU1431,Aarav Verma,ECE,1,Male,2026-07-22,63,70,92.0,78,64.0,69,76,73.0,73.12,Intermediate
STU1432,Nikhil Thakur,CSE,1,Male,2026-05-05,77,73,75.0,68,57.0,78,60,,70.12,Intermediate
STU1433,Ananya Chavan,IoT,2,Male,2026-02-08,70,66,39.0,79,64.0,70,60,68.0,64.5,Intermediate
STU1434,Aarav Patil,IoT,3,Male,2026-07-07,91,83,100.0,92,90.0,84,78,86.0,88.0,Advanced
STU1435,Kavya Sharma,IT,2,Female,2026-03-29,85,71,74.0,80,65.0,74,75,64.0,73.5,Intermediate
STU1436,Kavya Gupta,IT,4,Male,2026-05-28,71,83,74.0,83,86.0,66,64,73.0,75.0,Advanced
STU1437,Aditi Kulkarni,Civil,3,Female,2026-06-01,76,62,67.0,64,51.0,59,69,65.0,64.12,Intermediate
STU1438,Varun Verma,AIDS,2,Male,2026-05-18,98,84,81.0,77,86.0,67,81,54.0,78.5,Advanced
STU1439,Sakshi Mishra,ECE,2,Male,2026-05-09,53,59,37.0,53,69.0,42,69,66.0,56.0,Intermediate
STU1440,Aarav Kulkarni,CSE,4,Female,2026-08-27,71,74,75.0,62,57.0,74,79,66.0,69.75,Intermediate
STU1441,Neha Deshmukh,IoT,4,Female,2026-07-21,87,89,86.0,86,74.0,95,83,79.0,84.88,Advanced
STU1442,Rohan Gupta,Robotics,4,Male,2026-02-11,89,88,64.0,77,81.0,84,84,78.0,80.62,Advanced
STU1443,Rahul Deshmukh,Civil,1,Male,2026-07-07,63,82,62.0,58,50.0,58,65,57.0,61.88,Intermediate
STU1444,Tanvi Chavan,AIDS,1,Female,2026-07-15,65,70,71.0,87,43.0,70,62,42.0,63.75,Intermediate
STU1445,Aditi Kadam,AIDS,4,Male,2026-04-15,92,96,68.0,87,71.0,100,95,77.0,85.75,Advanced
STU1446,Sanya Gupta,IT,4,Male,2026-08-11,70,80,60.0,76,45.0,58,49,61.0,62.38,Intermediate
STU1447,Diya Mishra,IoT,4,Female,2026-07-16,70,79,60.0,90,70.0,73,90,62.0,74.25,Intermediate
STU1448,Aditi Kulkarni,AIDS,2,Female,2026-07-13,54,66,65.0,71,87.0,41,67,55.0,63.25,Intermediate
STU1449,Sakshi Sharma,Robotics,2,Male,2026-03-31,80,73,62.0,76,43.0,50,42,54.0,60.0,Intermediate
STU1450,Sakshi Chavan,IoT,4,Female,2026-01-13,80,82,62.0,87,77.0,85,59,78.0,76.25,Advanced
STU1451,Rahul Kadam,CSE,2,Male,2026-06-17,78,72,74.0,65,84.0,74,84,67.0,74.75,Intermediate
STU1452,Sanya Sharma,IT,4,Female,2026-09-10,69,82,69.0,61,64.0,63,73,59.0,67.5,Intermediate
STU1453,Shreya Pawar,CSE,3,Female,2026-08-24,82,85,73.0,71,51.0,68,67,73.0,71.25,Intermediate
STU1454,Diya Patil,IoT,2,Female,2026-01-04,76,65,73.0,68,66.0,74,78,58.0,69.75,Intermediate
STU1455,Yash Mishra,ECE,4,Male,2026-03-29,78,94,79.0,65,62.0,82,77,73.0,76.25,Advanced
STU1456,Vedant Jadhav,ECE,1,Female,2026-05-23,83,79,93.0,78,86.0,65,78,78.0,80.0,Advanced
STU1457,Sanya Patil,Robotics,1,Female,2026-01-15,70,73,60.0,56,78.0,54,47,39.0,59.62,Intermediate
STU1458,Arjun Thakur,IT,3,Male,2026-03-16,89,69,60.0,77,65.0,77,85,50.0,71.5,Intermediate
STU1459,Ananya Jadhav,Civil,3,Male,2026-06-25,80,82,72.0,78,73.0,67,56,58.0,70.75,Intermediate
STU1460,Yash Patil,Civil,4,Female,2026-04-23,66,69,88.0,81,65.0,79,66,70.0,73.0,Intermediate
STU1461,Khushi Patil,Civil,3,Female,2026-01-09,49,58,53.0,69,51.0,53,54,70.0,57.12,Intermediate
STU1462,Shreya Singh,Civil,4,Female,2026-05-08,86,70,84.0,77,67.0,98,62,67.0,76.38,Advanced
STU1463,Arjun Sharma,CSE,2,Male,2026-07-20,100,97,80.0,83,61.0,100,86,76.0,85.38,Advanced
STU1464,Diya Deshmukh,AIDS,2,Male,2026-05-27,83,79,85.0,87,75.0,69,74,86.0,79.75,Advanced
STU1465,Aditi Thakur,IoT,1,Male,2026-03-13,74,94,55.0,68,45.0,94,63,51.0,68.0,Intermediate
STU1466,Meera Kadam,IT,2,Female,2026-06-01,68,76,63.0,69,56.0,52,48,60.0,61.5,Intermediate
STU1467,Riya Kadam,Civil,4,Female,2026-01-31,72,67,65.0,62,49.0,74,63,45.0,62.12,Intermediate
STU1468,Sanya Pawar,IoT,2,Female,2026-02-25,80,75,89.0,72,69.0,82,73,58.0,74.75,Intermediate
STU1469,Vedant Gupta,Mechanical,4,Female,2026-02-26,73,85,75.0,78,60.0,73,82,65.0,73.88,Intermediate
STU1470,Riya Kadam,AIDS,2,Female,2026-06-12,75,75,82.0,94,74.0,83,92,58.0,79.12,Advanced
STU1471,Varun Singh,IoT,4,Male,2026-01-26,63,89,79.0,74,77.0,76,85,53.0,74.5,Intermediate
STU1472,Ananya Singh,IT,4,Female,2026-08-07,86,86,56.0,75,70.0,59,71,81.0,73.0,Intermediate
STU1473,Ananya Singh,IT,3,Male,2026-04-21,78,74,81.0,66,73.0,91,71,66.0,75.0,Advanced
STU1474,Akash Verma,IT,1,Female,2026-06-14,97,76,65.0,98,55.0,73,73,84.0,77.62,Advanced
STU1475,Sakshi Thakur,ECE,3,Male,2026-01-23,72,89,81.0,81,55.0,95,74,83.0,78.75,Advanced
STU1476,Sanya Verma,Robotics,1,Male,2026-04-23,71,73,69.0,69,79.0,43,66,75.0,68.12,Intermediate
STU1477,Tanvi Deshmukh,AIDS,4,Male,2026-01-02,75,69,80.0,72,78.0,77,64,75.0,73.75,Intermediate
STU1478,Sakshi Mishra,Robotics,2,Male,2026-01-04,67,66,72.0,72,61.0,58,52,64.0,64.0,Intermediate
STU1479,Khushi Thakur,Civil,1,Female,2026-08-14,69,51,63.0,53,63.0,65,44,31.0,54.88,Intermediate
STU1480,Varun Deshmukh,Robotics,3,Male,2026-02-28,71,62,53.0,60,63.0,75,53,59.0,62.0,Intermediate
STU1481,Diya Patil,Mechanical,1,Female,2026-01-02,52,53,66.0,63,62.0,64,53,61.0,59.25,Intermediate
STU1482,Arjun Pawar,CSE,4,Female,2026-05-05,56,69,78.0,67,45.0,73,63,66.0,64.62,Intermediate
STU1483,Neha Jadhav,Robotics,2,Male,2026-02-01,84,55,91.0,64,63.0,59,57,54.0,65.88,Intermediate
STU1484,Pooja Sharma,Robotics,1,Female,2026-04-29,72,80,57.0,68,72.0,92,68,74.0,72.88,Intermediate
STU1485,Rohan Chavan,IoT,1,Female,2026-06-05,88,83,90.0,81,68.0,83,68,65.0,78.25,Advanced
STU1486,Nikhil Kadam,CSE,4,Male,2026-04-16,74,84,75.0,90,81.0,96,85,75.0,82.5,Advanced
STU1487,Karan Jadhav,Mechanical,4,Female,2026-03-02,57,59,55.0,53,50.0,73,70,74.0,61.38,Intermediate
STU1488,Rahul Pawar,IoT,2,Male,2026-05-03,58,80,81.0,65,81.0,91,75,73.0,75.5,Advanced
STU1489,Varun Singh,IT,2,Female,2026-01-21,93,65,62.0,83,60.0,61,91,57.0,71.5,Intermediate
STU1490,Meera Thakur,ECE,1,Male,2026-09-17,48,70,53.0,71,50.0,79,53,36.0,57.5,Intermediate
STU1491,Rohan Jadhav,IoT,1,Male,2026-07-08,64,68,82.0,66,69.0,73,75,64.0,70.12,Intermediate
STU1492,Ananya Patil,Civil,2,Male,2026-02-10,48,72,62.0,76,64.0,47,58,46.0,59.12,Intermediate
STU1493,Kavya Patil,IT,3,Male,2026-02-24,85,74,75.0,83,59.0,89,78,65.0,76.0,Advanced
STU1494,Akash Thakur,ECE,2,Female,2026-03-28,69,58,32.0,63,78.0,59,39,49.0,55.88,Intermediate
STU1495,Shreya Singh,Civil,4,Female,2026-09-20,84,71,70.0,69,65.0,51,56,75.0,67.62,Intermediate
STU1496,Varun Chavan,CSE,1,Female,2026-06-10,77,65,81.0,74,74.0,71,53,59.0,69.25,Intermediate
STU1497,Vedant Chavan,CSE,4,Male,2026-01-16,66,65,75.0,94,78.0,72,86,85.0,77.62,Advanced
STU1498,Yash Sharma,Robotics,2,Male,2026-07-22,86,89,84.0,77,57.0,74,87,72.0,78.25,Advanced
STU1499,Nikhil Jadhav,CSE,4,Male,2026-03-28,93,80,67.0,78,77.0,87,78,90.0,81.25,Advanced
STU1500,Pooja Kadam,ECE,2,Male,2026-04-20,77,68,47.0,69,67.0,85,67,47.0,65.88,Intermediate
